{
  "debate_accuracy": 0.6666666666666666,
  "baseline_accuracy": 0.6666666666666666,
  "accuracy_improvement": 0.0,
  "avg_debate_time": 79.0588246981303,
  "avg_baseline_time": 3.975069204966227,
  "time_ratio": 19.88866623991317,
  "agreement_rate": 1.0,
  "total_examples": 3
}