{
  "debate_accuracy": 0.3333333333333333,
  "baseline_accuracy": 0.8333333333333334,
  "accuracy_improvement": -0.5,
  "avg_debate_time": 85.32176061471303,
  "avg_baseline_time": 6.165974696477254,
  "time_ratio": 13.837513907324187,
  "agreement_rate": 0.5,
  "total_examples": 6
}